name;Число избирателей, внесенных в список избирателей на момент окончания голосования;Число избирательных бюллетеней, полученных участковой избирательной комиссией;Число избирательных бюллетеней, выданных избирателям, проголосовавшим досрочно;Число избирательных бюллетеней, выданных в помещении для голосования в день голосования;Число избирательных бюллетеней, выданных вне помещения для голосования в день голосования;Число погашенных избирательных бюллетеней;Число избирательных бюллетеней, содержащихся в переносных ящиках для голосования;Число избирательных бюллетеней, содержащихся в стационарных ящиках для голосования;Число недействительных избирательных бюллетеней;Число действительных избирательных бюллетеней;Число открепительных удостоверений, полученных участковой избирательной комиссией;Число открепительных удостоверений, выданных на избирательном участке до дня голосования;Число избирателей, проголосовавших по открепительным удостоверениям на избирательном участке;Число погашенных неиспользованных открепительных удостоверений;Число открепительных удостоверений, выданных избирателям территориальной избирательной комиссией;Число утраченных открепительных удостоверений;Число утраченных избирательных бюллетеней;Число избирательных бюллетеней, не учтенных при получении;Бриних Валерий Александрович;Гукасян Сергей Георгиевич;Коновалова Нина Николаевна;Лобода Александр Павлович;Огиенко Денис Сергеевич;Резник Владислав Матусович;Салов Евгений Иванович
Республика Адыгея (Адыгея) – Адыгейский;339544;330166;0;171751;10710;147705;10690;171599;6979;175310;2000;650;318;1350;141;0;0;0;5817;7016;12956;10612;11655;100651;26603
Республика Алтай – Алтайский;159023;144641;792;67004;3660;73185;4452;67000;2050;69402;2653;949;742;1704;188;0;0;0;32000;1969;9588;687;595;6103;3523;14571;366
Республика Башкортостан – Уфимский;490878;457572;0;328868;18544;110160;18539;328367;3961;342945;8149;7254;3180;895;774;0;0;0;12407;19691;186059;23663;9946;8554;11241;8363;63021
Республика Башкортостан – Белорецкий;531997;471033;0;333382;21624;116016;21624;332990;3891;350723;8244;6249;2054;1995;1276;0;11;0;33773;10636;27449;40993;155315;5564;71720;5273
Республика Бурятия – Бурятский;717522;617990;2318;269948;15873;329851;18187;269692;13056;274823;17088;7477;5902;9611;859;0;0;0;31716;108128;14190;65482;9077;46230
Республика Дагестан – Северный;505772;492499;0;448334;4074;40091;4073;448146;2337;449882;2198;129;53;2069;167;0;0;0;19390;34806;8598;3242;5241;64166;3026;6185;305228
Республика Мордовия – Мордовский;628701;624859;0;492486;29317;103046;29317;491864;4195;516986;13437;9520;4653;3917;1479;0;10;0;18433;3320;5070;426544;4346;3474;24560;4874;26365
Удмуртская Республика – Ижевский;625645;559695;0;262191;10806;286698;10805;261902;9534;263173;11177;5866;2741;5311;377;0;0;0;42519;138675;27789;8316;5241;4340;36293
Алтайский край – Рубцовский;492706;425410;0;186603;10522;228285;10504;186513;9494;187523;4489;3305;1775;1184;514;0;0;0;31674;60873;3751;10499;3619;7968;32376;4620;32143
Краснодарский край – Краснодарский;505700;487840;0;176152;16570;295118;16568;175845;4558;187855;8581;6707;5730;1874;1674;0;0;0;3318;6880;97209;3981;2478;8481;40201;6648;15116;3543
Краснодарский край – Красноармейский;497506;466539;0;190877;28835;246827;28834;190843;5027;214650;8088;5743;2912;2345;1341;0;0;0;11004;2733;7277;5120;23240;117988;29387;4452;7496;5953
Краснодарский край – Армавирский;533446;528091;0;220548;35352;272191;35218;219864;9583;245499;7074;4203;2120;2871;459;0;0;0;17855;34447;19918;6794;14001;11066;5899;45648;89871
Красноярский край – Красноярский;543722;529475;16;182107;6644;340707;6659;181646;10417;177888;12017;4180;3043;7837;345;0;1;0;15204;5794;10618;10587;21557;5578;21799;3494;83257
Красноярский край – Центральный;543681;519583;0;182245;4388;332950;4386;181874;9006;177254;13602;3896;2374;9706;331;0;0;0;3799;18622;34202;5870;7885;75957;6053;21661;3205
Красноярский край – Енисейский;508627;484244;1848;177291;10653;294452;12501;176987;10603;178885;12477;2516;2126;9961;1076;0;0;0;10341;4324;91725;4890;7583;25410;20534;4863;9215
Приморский край – Артемовский;480586;425778;300;167293;7120;251065;7420;167034;10680;163774;11209;3208;2256;8001;1290;0;0;0;7685;4076;4993;14559;15341;26392;21900;65877;2951
Владимирская область – Владимирский;584317;516943;0;200691;24312;291940;24309;200538;7391;217456;11144;3820;1986;7324;748;0;0;0;4099;26880;4769;119349;9351;3242;4725;15746;6703;22592
Владимирская область – Суздальский;567389;510680;0;195652;18294;296734;18294;195476;6704;207066;9991;3997;2291;5994;703;0;0;0;138311;16028;21167;4223;1823;4937;2673;15130;2774
Кемеровская область – Новокузнецкий;523383;493590;366;413539;20439;59246;20805;412762;3051;430516;11880;6236;2668;5644;187;0;0;0;35723;13677;3742;3426;11534;40876;321538
Московская область – Коломенский;457768;449894;21;163203;13655;273003;13669;162915;10025;166559;7216;4653;3462;2563;1299;0;12;0;16858;6630;19735;5135;4034;84682;21600;7885
Новгородская область – Новгородский;508171;449450;0;183561;18395;247494;18395;183274;8690;192979;11162;5098;2602;6064;744;0;0;0;33067;12624;23531;4031;12557;75284;2178;7212;22495
Новосибирская область – Барабинский;538635;523293;0;161093;9795;352405;9795;160956;9554;161197;11931;4059;1982;7872;541;0;0;0;3324;12559;26976;66919;6325;2660;3498;10425;28511
Оренбургская область – Оренбургский;509096;469228;0;204824;13466;250938;13466;204738;8265;209939;5976;4888;3342;1088;1377;0;0;0;24567;16578;33108;92564;3316;2200;5162;4759;24333;3352
Оренбургская область – Бугурусланский;549113;488313;0;225301;18101;244911;18101;225088;8382;234807;6457;4956;3845;1501;1098;0;0;0;14273;4849;57705;4698;3426;10864;100425;2224;32264;4079
Республика Башкортостан – Благовещенский;529158;523544;0;342768;26483;154293;26122;342705;6100;362727;12246;9508;2110;2738;1269;0;0;0;26864;186444;26397;13773;15988;57008;36253
Омская область – Москаленский;536289;516444;0;188705;7808;319931;7808;188461;12984;183285;10423;4090;2132;6333;407;0;0;0;4647;27735;28947;20466;4621;9021;87848
Республика Башкортостан – Нефтекамский;486329;476813;0;319025;13710;144078;13710;318886;5354;327242;7222;5683;1147;1539;1016;0;0;0;31040;72422;23830;23312;12303;18011;146324
Республика Дагестан – Южный;571269;556485;0;480321;5884;70271;5876;480257;6177;479956;3606;53;172;3553;66;0;9;0;1728;978;2714;1504;915;3035;334008;1725;130623;1500;1226
Чувашская Республика – Чувашия – Чебоксарский;463583;433382;0;249508;18895;165010;18895;249369;13737;254527;10502;7672;3480;2830;2384;0;7;38;4548;20430;3497;3439;4099;5204;7567;4938;32153;3257;125456;8058;31881
Костромская область – Костромской;541786;477342;0;196105;15847;265390;15846;196003;5984;205865;9129;2915;1674;6214;725;0;0;0;2822;51746;12139;16483;3466;3868;80762;13702;20877
Московская область – Красногорский;550568;441023;0;193060;9115;238832;9112;192634;10701;191045;9323;5199;4324;4124;2115;0;20;4;9141;12182;7946;6545;8598;9490;30344;23959;5417;77423
Омская область – Любинский;500217;488256;0;198008;17126;273122;17125;197897;8445;206577;11132;3864;1872;7268;615;0;0;0;3405;92684;50396;2430;3519;13709;24451;3413;10076;2494
Республика Башкортостан – Салаватский;480473;478320;0;298071;17250;162997;17250;297786;6004;309032;5920;4620;1561;1300;879;0;2;0;17129;174345;4542;43405;3571;2995;6575;5091;51379
Вологодская область – Вологодский;505549;458801;0;187364;18037;253400;18036;187203;8411;196828;11901;5304;3283;6597;890;0;0;0;33941;11812;7770;4960;6724;10421;25970;28872;66358
Московская область – Орехово-Зуевский;461065;451479;0;157733;7647;286095;7633;157463;11571;153525;7476;5174;3644;2302;2083;0;4;0;23238;6647;6159;65246;6223;5023;4914;17507;18568
Республика Башкортостан - Стерлитамакский;516185;488138;0;372872;21524;93742;21524;372647;2379;391792;4657;3140;839;1517;568;0;0;0;18572;16273;14565;188614;95266;10426;48076
Архангельская область – Котласский;473330;432316;1663;164215;10167;256271;11805;163907;5803;169909;6323;2982;1740;3341;1233;0;0;0;20865;4558;1801;18581;76004;2705;5260;40135
Республика Дагестан – Центральный;576291;558659;0;516656;1749;40254;1739;516293;2466;515566;2086;116;122;1970;362;0;0;0;8450;2504;27213;8667;4525;3876;460331
Республика Ингушетия – Ингушский;219170;208620;373;176572;1278;30397;1651;176572;1010;177213;1596;113;98;1483;34;0;0;0;5037;2756;4331;179;6872;9011;18070;125921;5036
Кабардино-Балкарская Республика – Кабардино-Балкарский;536867;532133;0;472802;9943;49388;9943;472071;60;481954;2217;1301;444;916;439;0;0;0;661;90628;325;76431;496;526;71261;241626
Республика Тыва – Тывинский;156981;178795;5669;124655;11003;37467;16634;124071;2622;138083;1827;1512;904;315;850;0;1;0;8949;2624;3117;108896;4189;4587;5721
Чувашская Республика – Чувашия – Канашский;471493;442166;0;264983;18509;158673;18509;264652;22008;261153;13189;8988;2991;4201;2930;0;2;1;84920;38603;60580;12049;11095;4099;9974;5634;24527;9672
Калужская область – Калужский;389962;398580;0;147956;13295;237329;13295;147762;5795;155262;12750;7894;2392;4856;1296;0;0;0;75154;2746;12966;7284;6096;18122;5317;27577
Республика Калмыкия – Калмыцкий;211355;203504;0;115609;5796;82099;5796;115577;2454;118919;5768;4757;3623;1011;1187;0;0;0;4841;11565;4312;1476;1054;2320;7799;6553;1358;77641
Архангельская область – Архангельский;459261;463498;718;151303;7925;303552;8643;151156;5269;154530;6108;2805;1691;3303;454;0;0;0;4645;38742;1958;22576;20709;2543;4535;3797;55025
Карачаево-Черкесская Республика – Карачаево-Черкесский;306269;301608;21;281878;3889;15795;3910;281874;588;285196;650;84;9;566;118;0;25;0;5977;8266;151556;19670;7982;4277;8830;71517;7121
Республика Карелия – Карельский;537921;484784;161;204372;8145;272096;8305;204071;11679;200697;11674;2396;1877;9278;697;0;11;1;3883;4996;21776;24369;18983;2338;37118;77653;4572;5009
Иркутская область – Ангарский;468490;433289;180;149145;5919;278045;6099;149112;5314;149897;10204;3672;1894;6532;312;0;0;0;25918;3752;3007;2171;9793;80306;12717;3629;6386;1419;799
Кемеровская область – Прокопьевский;507306;500585;119;436061;18601;45804;18699;435249;3872;450076;9076;5861;2144;3215;271;0;0;0;9527;7051;350790;27416;32786;22506
Республика Коми – Сыктывкарский;689125;572161;3916;264247;12010;291988;15924;263910;19845;259989;17048;8027;4868;9021;1657;0;0;0;26820;103296;36463;49496;43914
Иркутская область – Иркутский;470649;475417;26;167707;8687;298997;8713;167192;8297;167608;14273;4806;2244;9467;450;0;0;0;3878;13800;3972;16616;3061;2441;3816;53473;4235;60604;1712
Республика Марий Эл – Марийский;541540;501427;0;263709;25120;212598;25114;263516;5870;282760;17726;14765;7902;2961;1778;0;0;0;9284;2673;2061;12145;133447;1533;2603;10162;1740;107112
Республика Татарстан (Татарстан) – Альметьевский;438245;461263;0;375730;12025;73508;12024;375665;2408;385281;9019;5345;1690;3674;348;0;0;0;29121;12563;9881;10306;10635;307016;5759
Новосибирская область – Центральный;534767;507603;0;173821;9231;324549;9232;173715;9795;173152;11224;5476;3134;5748;514;0;2;0;6712;3712;66134;10745;7096;38773;1958;32864;5158
Республика Саха (Якутия) – Якутский;629172;586389;4365;279319;15121;287584;19484;279105;14060;284529;11706;8193;6806;3513;3868;0;0;0;46177;11097;8800;11719;20303;61048;13366;112019
Республика Северная Осетия – Алания – Северо-Осетинский;527934;504307;194;440176;12225;51355;12417;440004;3850;448571;11817;5742;5467;6075;5620;0;357;0;9560;4954;31007;9179;10221;374194;4652;4804
Республика Татарстан (Татарстан) – Приволжский;478412;466866;0;341144;10522;115200;10516;340827;3273;348070;10188;7595;2265;2593;743;0;0;0;31099;11042;13397;9960;8746;25277;248549
Брянская область – Унечский;510190;481834;0;238545;25001;218288;25001;238410;5667;257744;3100;2264;1267;836;1311;0;0;0;32745;3763;2795;26007;5080;10156;19073;158125
Республика Татарстан (Татарстан) – Московский;515436;512282;0;403702;13678;94902;13668;403562;3516;413714;11401;6955;2468;4446;666;0;0;0;311863;8710;15816;6108;49286;16324;5607
Мурманская область – Мурманский;624154;555041;1926;240761;3564;308785;5488;240344;12134;233698;5217;2353;2324;2864;4073;0;7;2;38052;108555;7431;4383;26415;10804;6781;31277
Нижегородская область – Канавинский;542242;478558;0;188961;15709;273885;15704;188034;9936;193802;7861;3487;2260;4374;395;0;18;15;9426;14618;113127;4374;3237;28844;4340;15836
Нижегородская область – Борский;529606;511639;0;205915;43914;261805;43909;205714;7791;241832;9318;6173;2806;3145;603;0;6;1;6292;3569;148499;10444;4823;27920;26904;5405;7976
Республика Татарстан (Татарстан) – Нижнекамский;449713;469376;271;401362;8775;58968;9038;401292;1753;408577;9077;5154;1663;3923;653;0;0;0;8054;12799;4805;5213;4630;353675;19401
Вологодская область – Череповецкий;450297;428699;0;169362;13768;245569;13766;169106;6640;176232;10272;5146;3349;5126;1073;0;0;0;21023;5091;4755;24867;78446;3909;26401;3489;4327;3924
Воронежская область – Аннинский;480081;464236;0;197914;36969;229353;36968;197820;7752;227036;7504;6619;3179;885;1822;0;0;0;9941;21053;7998;105531;3545;2802;52142;4551;15345;4128
Московская область – Дмитровский;514698;404323;0;189393;8827;206103;8827;188184;7880;189131;9454;3585;2309;5869;1904;0;0;0;22980;13585;3942;2915;17280;12673;10744;89139;6972;8901
Республика Татарстан (Татарстан) – Набережно-Челнинский;479527;470492;0;404758;10984;54750;10984;404638;2364;413258;9289;7568;1883;1721;435;0;0;0;13795;12129;15532;40030;316091;7240;8441
Амурская область – Амурский;638277;553727;1694;252042;15812;284179;17502;251646;17221;251927;11475;4659;3394;6816;966;0;0;0;123762;12411;18335;26894;13013;46571;10941
Воронежская область – Павловский;454157;474781;52;247474;68556;158699;68608;247465;4886;311187;9776;7951;1152;1825;769;0;0;0;39142;17479;5283;198149;2484;2187;16153;19148;11162
Республика Татарстан (Татарстан) – Центральный;520743;490165;0;274634;7854;207677;7854;274012;4248;277618;12005;8008;3055;3997;485;0;0;0;17336;15108;9305;9037;180244;30597;15991
Удмуртская Республика – Удмуртский;565575;531348;0;245080;9442;276824;9442;244882;9047;245277;11222;6440;2973;4782;391;0;3;1;3755;6609;110562;3370;38192;46413;20919;15457
Волгоградская область – Красноармейский;487386;461636;0;172488;17203;271943;17202;172430;7197;182435;6866;4103;3409;2763;1052;0;2;0;7131;23741;19301;25906;2729;19313;84314
Республика Хакасия – Хакасский;395855;362492;329;145258;10030;206875;10347;144985;6006;149326;8806;5319;3273;3487;1090;0;0;0;17622;4279;11582;52583;14167;49093
Чеченская Республика – Чеченский;675346;675900;0;636795;3378;35727;3378;636795;381;639792;3871;1031;223;2840;908;0;0;0;19097;596915;15089;5657;3034
Алтайский край – Барнаульский;457770;419428;208;173787;12751;232682;12949;173631;7690;178890;5526;3329;2593;2197;455;0;0;0;68246;24950;5498;21700;29847;2949;25700
Краснодарский край – Сочинский;471921;456837;122;199313;24480;232922;24601;198755;5736;217620;8010;4563;4844;3447;1578;0;0;0;8875;27242;138232;4495;8014;15648;7551;3426;4137
Нижегородская область – Приокский;534515;477416;0;244904;27700;204812;27532;243868;8806;262594;7689;4202;2592;3487;777;0;0;0;21490;19786;2433;5822;3104;172119;3468;21251;4376;8745
Алтайский край – Бийский;496032;442235;2;175920;11321;254992;11285;175765;8832;178218;5720;3099;2052;2621;569;0;0;0;14735;5388;4188;3534;26607;68360;26696;26161;2549
Нижегородская область – Нижегородский;506810;486402;2441;182134;22071;279743;24492;181885;8577;197800;7784;3993;2880;3791;552;0;14;1;41404;28878;6824;4072;15127;87475;7068;6952
Алтайский край – Славгородский;451992;426381;5285;178407;11758;230931;17003;178281;7736;187548;4814;2834;1683;1980;389;0;0;0;4222;27026;3430;5011;78168;23971;39745;5975
Красноярский край – Дивногорский;575960;544106;542;210127;11130;322307;11669;209743;12747;208665;13479;3765;2967;9714;455;0;0;0;4945;10776;90661;13608;38318;5741;19281;21818;3517
Ивановская область – Кинешемский;423398;336384;128;131635;22181;182440;22304;131551;4982;148873;7365;5671;2830;1694;1195;0;0;0;5878;21963;1546;38299;6427;5817;12277;56666
Нижегородская область – Автозаводский;565565;531371;0;211361;23845;296161;23843;211208;11025;224026;8524;4615;3692;3909;460;0;4;0;9871;4364;4968;118572;2101;4928;22132;30877;3403;4817;17993
Краснодарский край – Славянский;478535;461523;142;208034;24736;228611;24856;207807;5832;226831;5004;3368;2263;1636;495;0;0;0;20141;147970;4810;2648;1740;6654;19188;2566;2772;18342
Краснодарский край – Каневской;508815;496459;0;228969;32512;234728;32510;228854;6431;254933;5626;4669;2404;957;731;0;250;0;9943;152823;23318;8433;3242;16328;25919;4981;9946
Астраханская область – Астраханский;745816;677918;0;252965;15616;409337;15613;252199;10955;256857;14640;11720;12283;2920;4180;0;0;0;30281;17543;3263;6236;4690;103739;2848;88257
Брянская область – Брянский;503599;441951;0;264001;26595;151355;26595;263764;6773;283586;3830;2377;1354;1453;1302;0;0;0;3973;29684;25644;166146;2450;3191;3563;27840;2365;9640;9090
Ивановская область – Ивановский;413022;393924;98;140527;25791;227508;25888;140450;5275;161063;7529;5188;3097;2341;964;0;0;0;2451;4776;6383;3618;2617;7180;12899;28974;68291;23874
Краснодарский край – Туапсинский;505316;487927;44;303476;34645;149762;34436;302851;5119;332168;8419;5243;3655;3176;1160;0;0;0;7195;15891;14006;237852;28206;21794;7224
Краснодарский край – Тихорецкий;474447;467432;0;254606;36665;176161;36665;254503;4135;287033;5441;4394;1523;1047;769;0;0;0;8955;197102;15510;6873;28336;22848;7409
Приморский край – Владивостокский;518353;467545;310;178132;5681;283422;5990;177062;9291;173761;13363;4201;3050;9162;1223;0;0;0;21498;24851;7111;6209;12546;15034;72367;14145
Приморский край – Арсеньевский;487685;462140;437;182059;7800;271844;8237;181786;12875;177148;13356;3552;2336;9804;1420;0;0;0;41572;5049;30778;13825;71190;5814;8920
Калининградская область – Калининградский;389764;372452;66;167329;5045;200004;5099;166910;9491;162518;4141;1846;1655;2295;928;0;8;0;22553;3963;14173;4801;8302;7147;66994;23672;10913
Ставропольский край – Ставропольский;497275;443770;0;197060;24457;222251;24445;196840;10621;210664;4212;2284;1370;1928;387;0;2;0;5120;34759;17207;109797;3477;3054;2893;7931;4292;22134
Ставропольский край – Невинномысский;465414;418657;300;197171;13732;207454;14031;196516;10534;200013;3914;2041;1456;1873;171;0;0;0;3951;28039;15543;27063;4565;101595;7911;4406;3352;3588
Ставропольский край – Кавминводский;515577;447214;0;174306;12118;260789;12118;173884;11416;174586;3357;2579;2606;778;439;0;1;0;98200;14990;3331;6190;5290;2685;3431;18742;21727
Ленинградская область – Всеволожский;493160;470470;623;200618;9508;259714;10131;200077;10158;200050;7350;3494;2218;3856;477;0;7;0;100133;5791;22260;5971;23415;3100;7322;10074;13415;8569
Ставропольский край – Георгиевский;476746;449768;0;173444;23623;252701;23609;172920;10393;186136;3211;1617;1040;1594;318;0;0;0;10261;113501;3250;27470;5348;2427;2940;16831;4108
Белгородская область – Белгородский;574499;515104;0;319663;37963;157478;37963;319464;10361;347066;12804;11186;6719;1618;903;0;0;0;188964;8373;8008;43892;34286;18002;10659;34882
Кемеровская область – Заводский;493976;492774;0;407759;33929;51086;33929;407548;1708;439769;10287;6603;1185;3684;207;0;0;0;7133;28625;15820;36378;9652;342161
Ленинградская область – Волховский;423211;411451;0;162398;17543;231510;17542;162022;9657;169907;7587;4033;2412;3554;322;0;0;0;6234;6702;26078;4370;2992;15778;84066;13598;3431;3366;3292
Хабаровский край – Хабаровский;500408;454823;648;180386;11707;262082;12355;180105;8693;183767;10820;5523;2189;5297;1347;0;0;0;10367;5525;71086;13939;40074;5374;30680;6722
Магаданская область – Магаданский;107909;118312;1710;38793;1842;75967;3552;38756;1994;40314;2228;716;294;1512;287;0;0;0;19668;2571;1306;6252;5863;4654
Хабаровский край – Комсомольский;508101;504058;762;166590;6994;329712;7753;166330;13949;160134;10241;3730;2029;6511;1393;0;0;0;38876;10171;9384;3509;27245;63906;7043
Белгородская область – Старооскольский;628975;590252;0;341022;48190;201040;48189;340965;7616;381538;8890;6541;2640;2349;1188;0;0;0;5459;19583;21138;2792;37024;283931;3625;7986
Курская область – Сеймский;474552;406107;0;190044;30870;185193;30870;189868;7715;213023;6885;4388;3374;2497;1198;0;0;0;2924;16198;4458;2502;114855;7986;14516;38698;4487;1933;2907;1559
Волгоградская область – Волгоградский;466078;461859;254;184154;16928;260522;17158;183987;6816;194329;7293;3288;1875;4005;673;0;1;0;8813;7639;3822;83653;18185;3680;3223;44692;20622
Волгоградская область – Михайловский;475382;465192;0;184040;28190;252962;28190;183843;7025;205008;7169;4694;2802;2475;856;0;0;0;6721;4423;4396;21251;17693;119474;2670;5015;23365
Волгоградская область – Волжский;480552;461040;0;182930;15154;262955;15153;182650;7994;189809;7263;4859;3112;2404;953;0;1;0;4073;96094;3121;5972;22942;2544;32426;3306;13295;6036
Новосибирская область – Искитимский;520398;484060;0;186839;9239;287982;9239;186658;10609;185288;9899;4136;2018;5763;736;0;0;0;32041;1082;16452;87324;8280;1524;5980;24540;5503;2562
Воронежская область – Воронежский;494138;451000;0;199664;28533;222803;28526;199628;5603;222551;5968;4212;3216;1756;1658;0;0;0;38751;4774;21961;118980;11938;4921;4047;17179
Московская область – Балашихинский;564441;441389;0;218566;8420;214377;8402;217096;8984;216514;7899;4821;3300;3078;3513;0;26;0;8059;11363;21364;20186;8193;7523;6959;14735;118132
Новосибирская область – Новосибирский;543223;523006;0;179645;9218;334142;9219;179525;10935;177809;10740;6063;2711;4677;784;0;1;0;2744;6189;3522;2033;51063;68579;20788;7265;6525;7551;1550
Воронежская область – Правобережный;451437;460800;0;196641;27146;237013;27145;196521;5060;218606;4682;3799;2422;883;1336;0;0;0;12149;15350;4094;14524;3436;31292;6002;131759
Московская область – Серпуховский;464851;394719;0;169384;10527;214808;10527;169224;10035;169716;7412;4332;3014;3080;1454;0;0;0;5700;20908;21330;9879;71019;15334;8599;2463;6552;4832;3100
Иркутская область – Шелеховский;494432;476949;0;161230;10462;305256;10462;161156;6482;165136;10338;3941;2140;6397;585;0;1;0;4766;3543;20033;1888;12089;1651;6602;5074;610;1442;31494;72660;3284
Иркутская область – Братский;464053;459251;772;140896;6637;310946;7405;140816;9127;139094;9612;3689;2040;5923;483;0;0;0;35268;3279;4294;3891;21949;3774;5230;61409
Курганская область – Курганский;718985;686382;0;267981;31979;386422;31979;267896;7933;291942;13937;9761;4608;4176;1456;0;0;0;174909;21707;44893;6302;4004;5022;4010;3907;27188
Калининградская область – Центральный;417754;378873;2;175031;5424;198409;5424;174363;11184;168603;3757;1877;1674;1880;802;0;7;0;6483;18101;2740;19883;7957;18965;7614;73322;13538
Калужская область – Обнинский;402644;408054;242;160757;16913;230142;16911;160835;6165;171581;13717;9272;2513;4445;1685;0;0;0;7419;23291;6325;34007;6611;80615;13313
Московская область – Подольский;507248;444000;0;180711;5610;257677;5609;180101;8507;177203;8557;4466;3041;4091;1965;0;2;0;10217;7411;10972;12616;2421;13342;22049;98175
Кемеровская область – Кемеровский;506371;497974;16;405035;26651;66272;26667;404755;2922;428500;12703;6523;1680;6180;302;0;0;0;307128;5559;25776;4389;85648
Липецкая область – Левобережный;466707;432059;0;220224;37346;174486;37346;220203;7076;250473;4731;2550;1050;2181;398;0;3;0;26330;6347;154786;34283;7665;21062
Кировская область – Кировский;527414;502081;54;194895;18663;288469;18715;194750;12534;200931;13813;5034;2517;8779;653;0;0;0;109333;14404;27346;28764;7912;5710;7462
Кировская область – Кирово-Чепецкий;553218;535330;0;216865;19481;298984;19480;216685;10703;225462;13337;5955;2681;7381;1006;1;0;0;4574;95499;45069;4880;28670;3116;30529;4666;8459
Курская область – Курский;467760;398761;0;198962;19184;180615;19183;198614;8791;209006;6645;4965;3134;1680;1514;0;0;0;8898;8796;91515;25301;22099;6561;24836;1459;2194;17347
Ленинградская область – Кингисеппский;411631;403316;0;171737;17131;214447;17128;171474;7701;180901;6105;3555;2090;2550;688;0;1;0;2529;1541;3755;14413;21424;22823;98999;6894;5329;3194
Липецкая область – Липецкий;477978;447427;0;212756;25042;209629;25041;212729;8105;229665;5540;3616;1585;1924;692;0;0;0;130520;13415;4565;5026;31079;7496;16684;1985;18895
Московская область – Люберецкий;550730;442250;0;201316;10533;230390;10514;200427;7792;203149;10700;5971;3703;4729;2356;0;11;0;103949;9093;6222;27711;5766;3196;3686;5336;18304;19886
Московская область – Сергиево-Посадский;524811;458981;0;182321;5614;271046;5606;181230;8928;177908;6933;3955;3254;2978;1653;0;4;4;3125;8909;5569;9283;9346;3683;88536;16473;24045;8939
Московская область – Щелковский;490241;404897;197;179880;6052;218741;6236;179370;12968;172638;11351;3794;2153;7557;1456;0;27;0;20519;6267;6530;43144;62049;9693;7690;8511;8235
Московская область – Одинцовский;551393;485647;0;204824;10059;270731;10006;202825;10879;201952;10542;5348;3996;5194;2907;0;33;0;19882;11979;10066;8177;95812;5130;7309;20974;1234;21389
Омская область – Омский;516392;495775;0;177614;8252;309909;8252;177409;9007;176654;11486;3070;1823;8416;209;0;0;0;56021;3045;6422;3347;15516;6699;22335;5717;57552
Оренбургская область – Орский;531083;507704;171;185230;11653;310649;11824;185206;9664;187366;5478;3043;2031;2435;823;0;1;0;6879;86334;37147;5609;17725;25862;3187;4623
Орловская область – Орловский;642392;641030;0;299820;43754;297456;43753;299445;14127;329071;14677;6002;3817;8675;1100;0;0;0;13313;69348;6971;159658;4753;6160;31724;4174;27344;5626
Пензенская область – Пензенский;532695;503733;0;287411;34321;182001;34321;287046;7848;313519;8230;6132;3524;2098;1223;0;0;0;6069;205575;42990;26443;3655;18580;6172;4035
Псковская область – Псковский;551439;463703;0;198715;32521;232467;32512;198341;8378;222475;10206;3168;2370;7038;1323;0;0;0;28819;3636;2886;11701;94372;2805;2015;21463;33472;1222;6415;13669
Ростовская область – Ростовский;435986;438180;0;212677;22140;203363;22136;212440;4730;229846;9437;3707;1411;5730;383;0;0;0;8369;1783;19308;9408;2301;3870;2154;161402;21251
Ростовская область – Нижнедонской;486168;438530;0;225727;16989;195814;16986;225214;6094;236106;13824;5870;2719;7954;444;0;0;0;41439;6783;6685;139095;4604;6836;6841;23823
Ростовская область – Южный;478091;420096;0;195070;19281;205744;19280;194227;5646;207861;11008;9183;3814;1825;684;0;1;0;2931;3093;39750;11230;3690;3858;21172;5007;10373;3006;103751
Ростовская область – Волгодонской;457681;440194;0;188229;17362;234603;17361;188131;7806;197686;8100;3734;1895;4366;384;0;0;0;27586;91832;4458;5465;18315;42302;2504;5224
Рязанская область – Рязанский;466848;439351;0;179899;23473;235979;23473;179794;5787;197480;6013;3964;2789;2049;886;0;0;0;29841;9703;7060;25743;99768;4738;12787;5449;2391
Рязанская область – Скопинский;467012;448440;0;172430;25778;250231;25774;172393;5286;192881;6148;4509;2196;1639;761;0;1;0;4021;3320;7997;95645;3674;2363;4152;31839;11932;27938
Самарская область – Самарский;490274;437923;0;226687;16792;194937;16771;226260;10490;232541;7811;6435;3396;1376;756;0;7;500;11781;4488;5843;4096;11432;109435;24104;49984;2610;2642;6126
Самарская область – Тольяттинский;513296;489035;0;230048;7733;251254;7731;229755;10061;227425;7112;2665;1151;4447;243;0;0;0;82398;4997;3198;9489;73840;3989;16175;23307;4988;5044
Самарская область – Жигулевский;454625;452124;0;237144;26030;188956;26023;236681;12799;249905;6959;5751;2921;1208;710;0;1;7;17926;4682;7233;13995;29571;3906;125805;3431;28456;14900
Самарская область – Промышленный;503569;473731;0;228951;17841;226939;17760;228257;11196;234821;8230;6914;4082;1316;362;0;0;0;27472;4636;8929;19544;12238;4615;2566;33931;5972;114918
Саратовская область – Балаковский;495220;461726;0;261758;23573;176387;23574;261413;6189;278798;10323;6326;3090;3997;1280;0;11;3;24488;9318;11870;6020;4292;22446;3755;187489;1559;2491;2052;3018
Сахалинская область – Сахалинский;390022;402091;2098;132721;5889;261383;7956;132630;6173;134413;5361;1779;1246;3582;523;0;0;0;4722;5616;35148;60280;4801;2838;5550;15458
Свердловская область – Свердловский;494656;412675;0;194702;3055;214917;3055;194473;12791;184737;14138;6854;3147;7284;1072;0;1;0;76390;8340;6023;8861;18104;20948;36863;9208
Свердловская область – Каменск-Уральский;468900;429265;0;179284;5012;244979;5012;179129;11795;172346;10953;4858;2697;6095;564;0;0;10;8694;8599;27158;6816;2736;7205;69066;2409;3773;17331;18559
Свердловская область – Асбестовский;508389;465435;1073;202914;10839;250609;11910;202676;17842;196744;14422;4432;2287;9990;538;0;0;0;7620;15853;80891;3580;36429;3665;7425;33507;7774
Свердловская область – Первоуральский;480366;451293;728;192015;7950;250599;8677;191920;10477;190120;13165;4605;3089;8560;549;0;1;0;22212;25465;3573;94290;6079;28685;2817;3810;3189
Свердловская область – Серовский;471603;429160;612;190487;8195;229866;8784;190445;11567;187662;11108;3213;2034;7895;859;0;0;0;6388;86944;3185;5083;3584;34856;24144;21055;2423
Смоленская область – Рославльский;378969;386899;0;135613;11069;240217;11069;135423;5050;141442;5623;3121;1979;2502;521;0;0;0;3178;1497;12282;21081;25912;67300;2958;3105;2499;1630
Тверская область – Тверской;536143;495452;0;191922;18313;285216;18311;191642;8032;201921;8973;5111;3423;3862;1023;0;1;0;9509;26304;14168;10381;74514;28965;38080
Тверская область – Заволжский;546104;506590;0;209441;28039;269108;28038;209212;7938;229312;10297;6472;3815;3825;1870;0;2;0;25594;10650;125812;34052;15254;1755;6813;7314;2068
Томская область – Томский;395651;366209;0;129325;4565;232319;4562;129096;10686;122972;3648;1505;1131;2143;312;0;0;0;5680;9789;45583;8528;6043;3822;23058;20469
Тульская область – Новомосковский;614671;591632;0;250568;20233;320831;20223;250441;10401;260263;9089;6845;4371;2244;1781;0;0;0;7767;139658;25799;17740;4721;6746;5984;40754;7721;3373
Ульяновская область – Радищевский;532068;508921;0;266272;28022;214627;28021;265902;7838;286085;17894;14227;3584;3667;1876;0;0;0;10476;4194;28816;6944;3110;39686;192859
Челябинская область – Челябинский;577765;470818;0;223369;20892;226550;20888;223209;11014;233083;11023;8358;5071;2665;2015;0;7;0;4854;96109;49017;27983;2452;2498;6175;4287;10048;29660
Челябинская область – Металлургический;510683;458604;0;196940;13495;248166;13497;196789;9183;201103;7457;5377;3033;2080;1214;0;3;0;87649;8854;4402;15439;21284;15043;2632;41426;4374
Челябинская область – Коркинский;533891;489615;0;222775;14997;251838;14997;222630;8568;229059;10066;8495;5883;1571;1087;0;5;0;81997;3113;1881;89652;4582;17928;18754;4581;6571
Челябинская область – Златоустовский;554247;449597;0;228059;10959;210573;10954;227837;13194;225597;7892;5950;4572;1942;1421;0;9;3;59983;3339;77470;4312;26733;28349;3544;6524;15343
Ярославская область – Ростовский;505446;426475;0;174037;15657;236781;15657;173845;10130;179372;8071;2510;1610;5561;321;0;0;0;79354;22722;12608;7315;21592;4390;5905;5968;19518
Город Москва – Люблинский;508434;412862;0;162819;5395;244644;5395;162423;5273;162545;4482;2583;724;1899;228;0;4;0;5697;4041;11436;1772;4428;12052;613;4343;5946;20979;8892;82346
Город Москва – Перовский;491350;385205;0;163659;5637;215907;5634;163159;5085;163708;4464;2913;1043;1551;397;0;2;0;5122;5866;15224;4059;74854;4740;3695;8252;12463;7995;19225;2213
Город Санкт-Петербург – Восточный;444464;438800;0;131919;2912;303964;2894;130842;4950;128786;7595;4481;1886;3114;612;0;5;0;15274;47703;4752;964;11639;1380;11931;7112;4900;11921;11210
Город Санкт-Петербург – Западный;504323;438956;0;163068;3254;272632;3242;161602;8813;156031;9480;5455;2425;4025;712;0;2;0;7721;5347;42306;19397;5554;2488;17344;4298;18168;11858;1860;19690
Город Санкт-Петербург – Северный;497413;434700;0;161527;2632;270521;2628;160313;6588;156353;10121;4708;2234;5412;1021;1;20;0;1774;16578;15198;6185;14744;5383;939;59534;16999;14025;4006;988
Город Санкт-Петербург – Северо-Восточный;480819;431600;0;155917;2743;272940;2741;154921;9618;148044;8725;4761;2315;3964;828;0;0;0;19804;17060;2089;54324;15372;875;3755;5322;5013;16960;7470
Город Санкт-Петербург – Северо-Западный;486730;429021;0;152808;2840;273371;2838;152199;5813;149224;10979;5028;3004;5951;1404;0;2;0;16728;17408;45790;11793;13676;3901;28426;3819;1993;2795;2895
Город Санкт-Петербург – Южный;523178;450739;0;161526;3075;286138;3056;160710;6236;157530;10166;5078;2544;5088;685;0;0;0;3090;4463;22845;56068;16489;5960;12452;12075;2281;5425;16382
Еврейская автономная область – Еврейский;133458;132658;658;48706;3238;80056;3896;48587;2948;49535;3608;780;510;2828;148;0;0;0;988;2699;10384;1952;3688;8041;21783
Ненецкий автономный округ – Ненецкий;35651;33000;456;12204;284;20056;740;12200;442;12498;437;57;57;380;47;0;0;0;5862;212;3491;1436;452;1045
Ханты-Мансийский автономный округ – Югра – Ханты-Мансийский;555440;490103;3255;234594;4892;247360;8143;234252;17624;224771;15753;3734;2047;12019;1338;0;2;0;15432;111163;14562;8380;42651;4493;18597;9493
Ханты-Мансийский автономный округ – Югра – Нижневартовский;579796;510848;468;193603;2779;313998;3244;193369;10279;186334;10611;3200;1646;7411;1940;0;0;0;8054;3443;4873;3506;27927;20260;73451;24929;11893;7998
Чукотский автономный округ – Чукотский;29354;31958;1041;16814;615;13488;1655;16800;1229;17226;1187;239;221;948;492;0;0;0;3214;1631;820;1126;10435
Пермский край – Чусовской;523167;475950;418;171088;6809;297632;7223;170574;15301;162496;15328;3767;1980;11561;517;0;3;0;80904;19518;10515;2654;2632;9599;17928;3431;15315
Пермский край – Кунгурский;524524;438590;807;182143;8413;247224;9218;181564;14723;176059;14136;5336;3631;8800;564;0;4;1;12148;22281;17647;23976;3200;3568;2883;82656;7700
Пермский край – Кудымкарский;511020;456853;610;151988;12001;292253;12611;151836;16011;148436;16121;2317;1305;13804;410;0;2;1;23606;10153;2686;62859;8095;18400;22637
Камчатский край – Камчатский;240093;221675;872;88593;2761;129447;3629;88465;6849;85245;2228;704;482;1524;720;0;2;0;19929;9747;7219;35322;10028;3000
Забайкальский край – Читинский;407296;400391;1386;144214;9722;245069;11105;143911;7491;147525;8325;2183;1710;6142;927;0;0;0;8454;18939;84582;3475;6955;15031;10089
Забайкальский край – Даурский;423307;438479;2614;150276;10015;275574;12620;150156;13411;149365;7765;3106;1607;4659;821;0;0;0;27213;71831;3663;20295;12466;7169;6728
Республика Крым – Симферопольский;496636;408305;0;207658;10690;189957;10690;207480;7566;210604;10861;3128;3110;7733;307;0;0;0;7770;2572;15457;24666;137938;2667;2599;3070;13865
Республика Крым – Евпаторийский;499271;432086;0;248650;14371;169064;14371;248628;8550;254449;12409;4133;3388;8276;523;0;1;0;6948;3976;6853;189624;3265;15341;3435;19453;5554
Город Севастополь – Севастопольский;311975;264868;0;137491;3923;123445;3913;137354;5041;136226;2520;662;664;1858;123;0;9;0;46960;2737;6817;2589;14443;24504;33791;2554;1831
Пермский край – Пермский;520796;414922;0;181456;8995;224453;8986;180956;14259;175683;15063;4612;2210;10451;457;0;18;0;21460;4093;6432;17968;20009;18758;5618;3927;77418
Пензенская область – Лермонтовский;557318;533893;0;299804;37590;196488;37590;299464;10224;326830;8352;6228;3110;2124;1398;0;11;0;35290;7906;20185;208466;8712;5057;41214
Саратовская область – Балашовский;477381;464637;0;271298;33982;159353;33978;271223;4607;300594;8408;5169;2038;3239;1718;0;4;0;42839;12448;4149;163931;5500;4826;31727;27791;7383
Ростовская область – Таганрогский;475431;445775;0;171891;12274;261574;12268;171576;6185;177659;9891;4779;2522;5112;436;0;36;0;1907;18917;4139;85849;38549;2298;4558;16020;1200;4222
Ростовская область – Белокалитвинский;462886;470453;0;240569;26036;203848;26013;240388;5479;260922;10216;5117;2199;5099;1644;0;0;0;7302;22497;7997;2079;8323;3489;24565;184670
Смоленская область – Смоленский;418395;439791;0;155769;17333;266689;17331;155741;5258;167814;6768;3239;1765;3529;703;0;0;0;6983;7855;23123;2196;98039;2573;1761;20126;3571;1587
Ростовская область – Шахтинский;453827;428621;0;189691;18835;220095;18835;189283;5554;202564;6189;3814;2384;2375;763;0;0;0;1992;11197;2201;2841;22186;3654;5411;128865;24217
Самарская область – Красноглинский;474173;466779;0;257743;29823;179113;29700;257537;10766;276471;7059;6094;2726;965;704;0;100;0;4219;3778;4532;182780;3943;14020;2773;23948;3516;9528;20969;2465
Ульяновская область – Ульяновский;476225;418396;0;220414;11074;186908;11073;220093;7798;223368;12995;8901;3546;4094;800;0;0;0;2659;2314;15997;4084;8372;82025;21212;5412;81293
Саратовская область – Саратовский;483156;441019;0;301230;22721;117069;22702;301076;5239;318539;11934;8206;3710;3728;1843;0;0;1;40390;171851;34507;11847;4171;24328;12938;6346;12161
Ярославская область – Ярославский;522676;407417;0;181979;14565;210873;14564;181673;6521;189716;7665;2788;1531;4877;285;0;0;0;3531;2895;29240;34752;8605;75607;6414;19039;2639;3339;3655
Саратовская область – Энгельсский;481127;449941;0;316720;17913;115298;17906;316393;6579;327720;12787;7165;2151;5621;1462;1;10;0;63412;3887;11886;6745;8416;180194;27322;19846;6012
Свердловская область – Березовский;523443;481160;119;200766;4942;275333;5045;200463;12545;192963;15882;7584;3189;8298;888;0;0;0;7104;26007;3220;17935;31288;7556;5814;4364;89675
Ямало-Ненецкий автономный округ – Ямало-Ненецкий;342747;371484;13194;234029;2216;122045;15385;233204;4901;243688;7654;6237;1332;1417;6265;0;0;0;6639;12242;8452;158298;5805;10242;34609;7401
Свердловская область – Нижнетагильский;459821;450613;205;186351;6506;257552;6704;186180;10513;182371;10916;3847;2444;7069;308;0;1;2;7807;81111;3017;43594;2572;3974;1653;1614;20323;16706
Тамбовская область – Тамбовский;430369;435155;0;195219;21350;218586;21348;194754;5632;210470;5634;3193;1732;2441;1012;0;0;0;15744;2095;22282;5872;2803;2990;132323;14377;11984
Челябинская область – Магнитогорский;509080;446381;0;234186;18687;193507;18686;233868;10761;241793;11584;8358;6056;3226;1123;0;1;0;123851;12393;10196;18403;11032;37540;24567;3811
Тамбовская область – Рассказовский;424437;434070;0;178780;24734;230556;24665;178427;6379;196713;5976;3397;2137;2579;929;0;0;0;19001;112869;8559;6248;1213;11711;37112
Томская область – Обский;388990;375676;13;124373;5910;245380;5922;124284;7127;123079;5566;1431;916;4135;272;0;0;0;18102;17035;4379;3373;16594;55341;3685;4570
Тульская область – Тульский;588431;510263;0;242288;33261;234714;33261;242092;9471;265882;9552;7674;4633;1878;2052;0;0;0;5160;5219;167708;6465;20563;3483;30860;14610;5037;6777
Тюменская область – Тюменский;533765;520362;1440;413114;16395;89413;17835;412863;6337;424361;15496;4948;3106;10548;994;0;0;0;9445;244634;36182;6891;38997;7195;9410;12624;8140;37603;5687;7553
Тюменская область – Заводоуковский;544689;527716;1266;428963;11698;85789;12964;428791;4553;437202;13438;5347;3520;8091;964;0;0;0;9875;7931;47242;243402;10074;6897;19702;32050;60029
Город Москва – Бабушкинский;491285;381858;0;165945;5219;210694;5219;165109;6083;164245;4169;3015;1026;1154;604;0;5;5;13182;4959;7472;2450;13251;20997;20348;12441;2334;58902;1180;6729
Город Москва – Кунцевский;494800;375002;0;157131;5232;212635;5232;156566;7674;154124;5205;3074;1459;2131;401;0;4;0;5853;12486;13220;5427;47766;8676;25184;21229;14283
Город Москва – Ленинградский;507394;396902;0;163821;5916;227163;5916;163371;8281;161006;4768;3195;1185;1573;503;0;2;0;20306;23684;2464;10214;5468;9628;4350;5981;20134;52623;4315;1839
Город Москва – Медведковский;451837;384430;0;146420;3852;234158;3849;145844;8392;141301;4585;2899;1009;1686;509;0;0;0;20831;8327;2388;23842;5280;7501;19776;28611;17463;7282
Город Москва – Преображенский;469044;394651;0;161360;6281;227010;6279;160920;4860;162339;4367;3261;1413;1106;469;0;0;0;6311;5363;3378;32379;16708;56431;13458;1155;4198;17032;1266;2811;1849
Город Москва – Нагатинский;485808;369146;0;170462;5540;193143;5540;169750;5540;169750;4423;2706;1096;1717;498;0;1;0;19390;3887;7534;7812;10058;14262;70518;18226;6804;4393;6866
Город Москва – Орехово-Борисовский;510246;441350;0;166584;4191;270276;4190;166140;5678;164652;4878;3170;1167;1708;526;0;299;0;5394;10606;71537;5358;25036;7028;4917;13495;2437;15005;3839
Город Москва – Новомосковский;545830;460790;0;183821;4836;272132;4836;183143;7706;180273;6843;3684;1821;3159;531;0;1;0;8640;6082;2733;8888;15845;86875;19075;9876;15643;3083;3533
Город Москва – Тушинский;459798;368461;0;159054;4327;205079;4320;158556;5261;157615;4599;3097;1119;1502;543;0;1;0;20007;1042;5764;32147;28248;9864;41041;3839;10655;1925;3083
Город Москва – Ховринский;483855;383571;0;163957;6656;212958;6652;163336;6136;163852;4871;2879;1629;1992;581;0;0;0;12471;58401;2512;4435;6682;5460;26890;17919;16781;4921;7380
Город Москва – Центральный;480303;372163;121;162409;5017;204609;5129;161604;4723;162010;3436;2429;405;1007;297;0;8;1;13197;57110;12573;4956;18789;6569;2338;3160;8095;6912;21442;4125;2744
Город Москва – Черемушкинский;513935;396191;0;168253;5686;222252;5682;167667;5623;167726;5107;3166;1000;1941;405;0;0;0;11365;3984;7931;59326;5573;21946;20538;3904;8321;783;9811;14244
Город Москва – Чертановский;474223;392400;0;155664;3856;232880;3855;155283;4950;154188;4816;3464;1232;1352;750;0;0;0;5334;65144;13505;18700;4208;11554;11312;4910;1307;5923;4818;5316;2157
Город Санкт-Петербург – Центральный;446110;422193;22;140745;3438;277984;3454;139643;7379;135718;7370;4643;3272;2727;805;0;4;0;34167;3183;3473;23011;14473;24062;18974;4701;4832;4842
Республика Крым – Керченский;492252;391840;0;224482;13864;153491;13864;224407;6487;231784;10549;3690;2488;6859;615;0;3;0;11608;167896;7359;17100;12285;6834;1238;1199;6265
Город Санкт-Петербург – Юго-Восточный;444657;434850;189;133130;2165;299366;2353;132357;4618;130092;8725;3408;1603;5317;507;0;0;0;7810;14740;1298;6454;6164;31124;2867;2207;3301;1216;40834;9843;2234
